trip_id,route_id,origin_latitude,origin_longitude,destination_latitude,destination_longitude,route_number,geometry_type,distance_km,osrm_duration_minutes,straight_distance_km,route_speed_kmh,detour_ratio,route_mean_rainfall_24h,route_max_rainfall_24h,route_mean_rainfall_72h,route_max_rainfall_72h,route_mean_rainfall_7d,route_max_rainfall_7d,route_mean_target,route_max_target,origin_rainfall_24h,origin_rainfall_72h,origin_rainfall_7d,origin_target,destination_rainfall_24h,destination_rainfall_72h,destination_rainfall_7d,destination_target,raw_delay_factor,predicted_delay_factor,predicted_eta_minutes,eta_overhead_minutes,predicted_route_rank,predicted_preferred_route
multi_trip_001,multi_trip_001_route_1,24.70619444,92.28997222,25.96403,92.51631,1,LineString,303.9825,251.1133333333333,141.7026683509556,72.63234396155788,2.145213661376688,43.92852592468262,53.40251159667969,106.94229888916016,145.59080123901367,141.12909307330847,175.52205066382885,1.0,1,53.40251159667969,145.59080123901367,175.52205066382885,1,34.45454025268555,68.29379653930664,106.73613548278809,1,1.4754586560184904,1.4754586560184904,370.50734130832313,119.39400797498985,1,True
multi_trip_001,multi_trip_001_route_2,24.70619444,92.28997222,25.96403,92.51631,2,LineString,283.4243,257.25666666666666,141.7026683509556,66.10307993314072,2.0001338245659697,43.92852592468262,53.40251159667969,106.94229888916016,145.59080123901367,141.12909307330847,175.52205066382885,1.0,1,53.40251159667969,145.59080123901367,175.52205066382885,1,34.45454025268555,68.29379653930664,106.73613548278809,1,1.4711062609141685,1.4711062609141685,378.4518929952426,121.19522632857593,2,False
multi_trip_002,multi_trip_002_route_1,26.17756,91.76589,26.11,94.76,1,LineString,491.9373,377.07666666666665,298.9563550874841,78.2764901920918,1.645515446079223,12.134894132614136,17.264551162719727,17.247839331626892,20.752020120620728,27.48111426830292,31.377860128879547,1.0,1,17.264551162719727,20.752020120620728,23.584368407726288,1,7.005237102508545,13.743658542633057,31.377860128879547,1,1.369053482526263,1.369053482526263,516.2381236793948,139.16145701272814,1,True
multi_trip_002,multi_trip_002_route_2,26.17756,91.76589,26.11,94.76,2,LineString,500.4788,385.48,298.9563550874841,77.89957455639721,1.674086506217752,12.134894132614136,17.264551162719727,17.247839331626892,20.752020120620728,27.48111426830292,31.377860128879547,1.0,1,17.264551162719727,20.752020120620728,23.584368407726288,1,7.005237102508545,13.743658542633057,31.377860128879547,1,1.369053482526263,1.369053482526263,527.7427364442239,142.26273644422383,2,False
multi_trip_003,multi_trip_003_route_1,24.70619444,92.28997222,25.924,92.50939,1,LineString,309.1468,258.86333333333334,137.19821358372897,71.65482944668358,2.253285898736099,43.92852592468262,53.40251159667969,106.94229888916016,145.59080123901367,141.12909307330847,175.52205066382885,1.0,1,53.40251159667969,145.59080123901367,175.52205066382885,1,34.45454025268555,68.29379653930664,106.73613548278809,1,1.4787008231392758,1.4787008231392758,382.78142408057676,123.91809074724341,1,True
multi_trip_003,multi_trip_003_route_2,24.70619444,92.28997222,25.924,92.50939,2,LineString,288.5886,265.00666666666666,137.19821358372897,65.33917134160146,2.103442839828821,43.92852592468262,53.40251159667969,106.94229888916016,145.59080123901367,141.12909307330847,175.52205066382885,1.0,1,53.40251159667969,145.59080123901367,175.52205066382885,1,34.45454025268555,68.29379653930664,106.73613548278809,1,1.474205531372052,1.474205531372052,390.67429385046955,125.66762718380289,2,False
multi_trip_004,multi_trip_004_route_1,24.70619444,92.28997222,25.92103,92.50708,1,LineString,309.57,259.49666666666667,136.83509160581468,71.57779804493315,2.2623582618104163,43.92852592468262,53.40251159667969,106.94229888916016,145.59080123901367,141.12909307330847,175.52205066382885,1.0,1,53.40251159667969,145.59080123901367,175.52205066382885,1,34.45454025268555,68.29379653930664,106.73613548278809,1,1.4789729940315064,1.4789729940315064,383.7885620411958,124.29189537452913,1,True
multi_trip_004,multi_trip_004_route_2,24.70619444,92.28997222,25.92103,92.50708,2,LineString,289.0118,265.64,136.83509160581468,65.27897906941726,2.112117561426171,43.92852592468262,53.40251159667969,106.94229888916016,145.59080123901367,141.12909307330847,175.52205066382885,1.0,1,53.40251159667969,145.59080123901367,175.52205066382885,1,34.45454025268555,68.29379653930664,106.73613548278809,1,1.4744657730199753,1.4744657730199753,391.6770879450262,126.0370879450262,2,False
multi_trip_005,multi_trip_005_route_1,25.96664,92.51636,24.70619444,92.28997222,1,LineString,303.4599,250.33,141.98989693656176,72.73436663604043,2.1371936070605067,43.92852592468262,53.40251159667969,106.94229888916016,145.59080123901367,141.12909307330847,175.52205066382885,1.0,1,34.45454025268555,68.29379653930664,106.73613548278809,1,53.40251159667969,145.59080123901367,175.52205066382885,1,1.4752180543890168,1.4752180543890168,369.2913355552026,118.96133555520257,1,True
multi_trip_005,multi_trip_005_route_2,25.96664,92.51636,24.70619444,92.28997222,2,LineString,282.91,256.3933333333333,141.98989693656176,66.20530955043034,1.9924657042775271,43.92852592468262,53.40251159667969,106.94229888916016,145.59080123901367,141.12909307330847,175.52205066382885,1.0,1,34.45454025268555,68.29379653930664,106.73613548278809,1,53.40251159667969,145.59080123901367,175.52205066382885,1,1.4708762173055292,1.4708762173055292,377.12285627568895,120.72952294235563,2,False
multi_trip_006,multi_trip_006_route_1,25.95317,92.51353,24.70619444,92.28997222,1,LineString,305.3419,253.15166666666667,140.4660897308722,72.36971512466177,2.173776607471766,43.92852592468262,53.40251159667969,106.94229888916016,145.59080123901367,141.12909307330847,175.52205066382885,1.0,1,34.45454025268555,68.29379653930664,106.73613548278809,1,53.40251159667969,145.59080123901367,175.52205066382885,1,1.4763155444013558,1.4763155444013558,373.73174059111057,120.5800739244439,1,True
multi_trip_006,multi_trip_006_route_2,25.95317,92.51353,24.70619444,92.28997222,2,LineString,284.792,259.215,140.4660897308722,65.9202592442567,2.027478664392601,43.92852592468262,53.40251159667969,106.94229888916016,145.59080123901367,141.12909307330847,175.52205066382885,1.0,1,34.45454025268555,68.29379653930664,106.73613548278809,1,53.40251159667969,145.59080123901367,175.52205066382885,1,1.4719266061089789,1.4719266061089789,381.5454552025389,122.33045520253893,2,False
multi_trip_007,multi_trip_007_route_1,25.96403,92.51631,26.11,94.76,1,LineString,438.2063,346.65166666666664,224.75098363468203,75.84667990441895,1.9497414111978952,20.72988867759705,34.45454025268555,41.01872754096985,68.29379653930664,69.05699780583382,106.73613548278809,1.0,1,34.45454025268555,68.29379653930664,106.73613548278809,1,7.005237102508545,13.743658542633057,31.377860128879547,1,1.3674811473313195,1.3674811473313195,474.03961885764744,127.3879521909808,1,True
multi_trip_007,multi_trip_007_route_2,25.96403,92.51631,26.11,94.76,2,LineString,458.8821,364.3066666666667,224.75098363468203,75.57623430809207,2.041735669312499,20.72988867759705,34.45454025268555,41.01872754096985,68.29379653930664,69.05699780583382,106.73613548278809,1.0,1,34.45454025268555,68.29379653930664,106.73613548278809,1,7.005237102508545,13.743658542633057,31.377860128879547,1,1.370240975074755,1.370240975074755,499.1879221595671,134.88125549290044,2,False
multi_trip_008,multi_trip_008_route_1,24.70619444,92.28997222,25.92525,92.51031,1,LineString,308.9641,258.5883333333333,137.35026341713103,71.68864024543515,2.2494612846986675,43.92852592468262,53.40251159667969,106.94229888916016,145.59080123901367,141.12909307330847,175.52205066382885,1.0,1,53.40251159667969,145.59080123901367,175.52205066382885,1,34.45454025268555,68.29379653930664,106.73613548278809,1,1.4785860847181473,1.4785860847181473,382.3451113371245,123.75677800379117,1,True
multi_trip_008,multi_trip_008_route_2,24.70619444,92.28997222,25.92525,92.51031,2,LineString,288.40590000000003,264.7316666666667,137.35026341713103,65.36563690277578,2.0997841054306168,43.92852592468262,53.40251159667969,106.94229888916016,145.59080123901367,141.12909307330847,175.52205066382885,1.0,1,53.40251159667969,145.59080123901367,175.52205066382885,1,34.45454025268555,68.29379653930664,106.73613548278809,1,1.4740957693401209,1.4740957693401209,390.23982984369246,125.50816317702578,2,False
multi_trip_009,multi_trip_009_route_1,24.70619444,92.28997222,25.95317,92.51353,1,LineString,305.35020000000003,253.16333333333333,140.4660897308722,72.36834718034471,2.1738356964662406,43.92852592468262,53.40251159667969,106.94229888916016,145.59080123901367,141.12909307330847,175.52205066382885,1.0,1,53.40251159667969,145.59080123901367,175.52205066382885,1,34.45454025268555,68.29379653930664,106.73613548278809,1,1.4762750685841606,1.4762750685841606,373.7387172796614,120.57538394632806,1,True
multi_trip_009,multi_trip_009_route_2,24.70619444,92.28997222,25.95317,92.51353,2,LineString,284.792,259.3066666666667,140.4660897308722,65.89695598519127,2.027478664392601,43.92852592468262,53.40251159667969,106.94229888916016,145.59080123901367,141.12909307330847,175.52205066382885,1.0,1,53.40251159667969,145.59080123901367,175.52205066382885,1,34.45454025268555,68.29379653930664,106.73613548278809,1,1.4718792592776706,1.4718792592776706,381.66810445909516,122.36143779242849,2,False
multi_trip_010,multi_trip_010_route_1,24.70619444,92.28997222,25.95478,92.51283,1,LineString,305.1888,252.92166666666665,140.63156615941503,72.39920660547074,2.1701301374546924,26.701255798339844,53.40251159667969,72.79540061950684,145.59080123901367,99.78882970660923,175.52205066382885,0.5,1,53.40251159667969,145.59080123901367,175.52205066382885,1,0.0,0.0,24.05560874938965,0,1.4762061503008275,1.4762061503008275,373.3645198776691,120.44285321100247,1,True
multi_trip_010,multi_trip_010_route_2,24.70619444,92.28997222,25.95478,92.51283,2,LineString,284.6306,259.065,140.63156615941503,65.92104684152626,2.0239453187725487,26.701255798339844,53.40251159667969,72.79540061950684,145.59080123901367,99.78882970660923,175.52205066382885,0.5,1,53.40251159667969,145.59080123901367,175.52205066382885,1,0.0,0.0,24.05560874938965,0,1.471820605740378,1.471820605740378,381.29720522613104,122.23220522613104,2,False
