feature_order,feature_name,target
1,rainfall_24h,rainfall
2,rainfall_72h,rainfall
3,rainfall_7d,rainfall
4,elevation_m,terrain
5,slope_degrees,terrain
6,historical_road_landslide_count,historical_exposure
7,historical_road_landslide_presence,historical_exposure
8,bt_road_km,road_infrastructure
9,icbp_km,road_infrastructure
10,cement_concrete_km,road_infrastructure
11,paver_block_km,road_infrastructure
12,total_paved_road_km,road_infrastructure
13,bt_road_ratio,road_infrastructure
14,icbp_ratio,road_infrastructure
15,cement_concrete_ratio,road_infrastructure
16,paver_block_ratio,road_infrastructure
17,road_surface_diversity,road_infrastructure
